ツイートID,ツイート時刻,ツイート内容,いいね数,リツイート数,ID,ユーザID,アカウント名,自己紹介文,フォロー数,フォロワー数,アカウント作成日時,自分がフォローしているか？,アイコン画像URL,ヘッダー画像URL,WEBサイト
1546372527395508224,2022-07-11_14:55:15,バーチャル空間「oVice」が「Microsoft Teams」のステータスと連携 https://t.co/TSElz7w62H #MicrosoftTeams #oVice,1,0,1041866299939246080,3d_media_esg,3D MEDIA公式,3D MEDIA公式Twitterです！#VR や #AR #3Dプリンター などの最新技術を取材し、みなさんへ配信していきます！,2844,1164,2018-09-18_10:47:37,False,http://pbs.twimg.com/profile_images/1041875848742166530/5iJ-f99k_normal.jpg,,https://t.co/Z5h5my0W3z
1546368350766383104,2022-07-11_14:38:39,"企業が社会貢献やSDGsをどのように取り組むべきなのか？そしてどの様に始めるべきなのかをお悩みでしたら、Pay for Worldと一緒に始めてみませんか？詳しくは私たちのHPをご覧ください。
#SDGs #CSR #ESG 
https://t.co/C5OzG2vOqz",0,0,1324231296978087936,pay_for_world,Pay for World,私達の楽しみが世界の悲しみを救う事に繋がる🌱そんな社会を作るための活動しています。私達が日常の中で楽しいと思っている物・事・サービスに僅かな寄付が入っていたら世界を救う持続可能な支援の波を作り出せます🌏楽しく生きる事が支援になる社会を作ります。#SDGs #CSR,1366,934,2020-11-05_15:05:30,False,http://pbs.twimg.com/profile_images/1332263460936114177/8F8ZuuPZ_normal.jpg,,https://t.co/ajJt1Siyuj
1546367618981908480,2022-07-11_14:35:45,"RT @vamdaruma: 毎日朝刊14p、""ESG投資"" とは。 地球温暖化対策や社会貢献に取り組む企業に投資する ""ESG投資""が、世界的な広がり。将来的な投資リスクを懸念する投資家の働き掛けで、国内企業でも一部の化石燃料からの投資撤退を表明。投資家が企業を動かす時代を迎…",0,14,82737161,vamdaruma,だる満 社主,創業30余年。不景気風に倒れそうで倒れない零細企業を経営。海外プラント建設への技術者出向、派遣。酷暑極寒の地でも働ける、体力とやる気がある若者はいるか。,5001,3321,2009-10-16_08:01:37,False,http://pbs.twimg.com/profile_images/1103218221/_____normal.jpg,http://abs.twimg.com/images/themes/theme19/bg.gif,https://t.co/CI0xdQsra9
1546366959117570049,2022-07-11_14:33:07,デロイト トーマツ、業績連動報酬へのESG要素反映に関する日・英・米比較結果を公開～サステナビリティと報酬ガバナンスの観点から、ESGの情報開示状況についても分析【デロイト トーマツ】 https://t.co/oC57t6NAqB #役員報酬 #ESG #サステナビリティ,0,0,88437682,keizaireport,m_sato,経済レポート情報(http://t.co/qb2R8LrYq2)というサイトの管理人です。毎日サイトで紹介している経済レポートの中から、レポートを厳選し紹介していきます。,1,1261,2009-11-09_00:13:46,False,http://abs.twimg.com/sticky/default_profile_images/default_profile_normal.png,http://abs.twimg.com/images/themes/theme1/bg.png,http://t.co/2yGTyvq3Ll
1546360777183227906,2022-07-11_14:08:33,日本がSDGsという言葉を使ってるの、だいたいESGの意味な気がする,0,0,1486500601878183937,SohiyanZera660,ぜんらみ,S660乗ってます/SUMC/上智国関法/ホモ・ルーデンスであれ,68,91,2022-01-27_09:48:58,False,http://pbs.twimg.com/profile_images/1526378731040026624/HNU6e2EC_normal.jpg,,
1546358943261331456,2022-07-11_14:01:16,"【ゴールドマン・サックスの必読ニュース】

1) ゴールドマン、消費者事業の損失が今年は12億ドルを超えると想定 

2) SEC、ESGファンドをめぐり Goldman Sachsに調査を実施 

3) GLR／ゴールドマン・サ… https://t.co/I3LagSvjSZ",0,0,1183222529323761664,BizHis1,BizHis 必読ビジネスニュース配信,『業界・企業の今を知る』がコンセプト。9つの業界と100以上の企業・キーワードの最新必読ニュースを毎日更新しています。是非サイトを覗いてみてください👇,55,302,2019-10-13_12:27:21,False,http://pbs.twimg.com/profile_images/1241588942383665152/uR0g6WOQ_normal.jpg,,https://t.co/QPSfUcTI6Q
1546358714051055616,2022-07-11_14:00:22,"【アメリカ】ファイザー、スコープ3含む2040年カーボンニュートラル宣言。取引先との協働強化
https://t.co/G3Jx0Hc2yb #ESG #Sustainability #SDGs",0,0,2166373754,SustainableJPN,SustainableJapan,サステナビリティ/ESGニュースサイトSustainable Japan公式。編集長・夫馬賢治@KenjiFuma（環境省、厚労省、農水省の委員）『超入門カーボンニュートラル』https://t.co/0KARQaoWnD『ESG思考』https://t.co/fdP3hhANdc『データでわかる2030年地球のすがた』https://t.co/b3tvTAUK5k,41,5091,2013-10-31_18:56:09,False,http://pbs.twimg.com/profile_images/488587881301024768/ulMuq1n2_normal.png,http://abs.twimg.com/images/themes/theme3/bg.gif,https://t.co/9l1G7ZouxP
1546355184137551872,2022-07-11_13:46:20,RT @EsgAngela: ＥＳＧとサステナブル投資の基礎知識－目的や手法、規制をおさらい - Bloomberg https://t.co/XUiQ7wJlma,0,1,114145973,takumajima,antelk,"Artist. iridium77 CDO. Art of After Anthropocene. ESG*SDGs. A seed for the next. MOT. AMMA. “If you’re not part of the solution, you’re part of the problem.”",189,205,2010-02-14_17:55:56,False,http://pbs.twimg.com/profile_images/1280427718702583810/LDUyIkqy_normal.jpg,http://abs.twimg.com/images/themes/theme7/bg.gif,https://t.co/Nmcyy0PZom
1546353818228645889,2022-07-11_13:40:54,"デロイト トーマツ グループは、環境・社会・ガバナンス（ESG）への関心が高まるなかで、日・英・米における業績連動報酬へのESG要素反映状況について調査結果を公開しました。
https://t.co/3ML5QmI9rJ",1,0,934581441714724864,deloitte_jp,デロイト トーマツ グループ（Deloitte Japan）,デロイト トーマツ グループは、5つのビジネスのプロフェッショナルが、専門領域や国境を越えてつながることで、インパクトあるInnovationの創出や変革を促進し、カタリスト（触媒）としてクライアントや経済社会に貢献します。#DNNOVATION,15,8634,2017-11-26_09:35:54,False,http://pbs.twimg.com/profile_images/1199241035970269187/yKO6fjKa_normal.jpg,http://abs.twimg.com/images/themes/theme1/bg.png,https://t.co/WiHE2iM1EP
1546351426481561600,2022-07-11_13:31:24,RT @keyplayers: 悔しい...こんな評価なのか！現在チャットでキャリア相談、年収査定行っています！Web3、SaaS、ESG、年収アップ、起業、フリーランスに向けての作戦会議、無料年収査定、キャリア相談をチャットやオンラインで行っております。「転職後活躍」社会貢献…,0,10,57615221,seoamigo,吉岡専務@ウィルゲート│ IT特化のM&A仲介。2年で33件成約,"176名のhttps://t.co/I2ZCMyDT6zを経営/【SEO】でGoogle1位獲得中/SEO,M&A,ソーシャルセリング,鈴木亜美をこよなく愛す。日本初?!Facebook友達1万人/SNSで年3億円受注/COO&新規事業/岡山出身/35才/慶應経済/18歳で起業→22歳で借金1億円。7ヶ月で50名採用！📩は気軽にどうぞ",738,26511,2009-07-17_20:05:40,False,http://pbs.twimg.com/profile_images/1506389876392235008/kGNxg-pz_normal.jpg,http://abs.twimg.com/images/themes/theme4/bg.gif,https://t.co/jpdM31isSL
1546349348627398656,2022-07-11_13:23:09,デロイト トーマツ、業績連動報酬へのESG要素反映に関する日・英・米比較結果を公開 https://t.co/NMBv27G5CC https://t.co/TbznFI100P,0,0,2855893662,colour_ishizaki,ishizaki,"自由に楽しく生きていく！
よろしくお願いします♪

#相互フォロー #相互100 #相互 #フォロー",368,135,2014-10-15_05:29:41,False,http://pbs.twimg.com/profile_images/816555514448359424/hfABVnE3_normal.jpg,http://abs.twimg.com/images/themes/theme1/bg.png,
1546348232015761409,2022-07-11_13:18:42,"ESGは脱炭素から自然へ　企業は新たな要求に備えを：日本経済新聞 https://t.co/TH7u6oBcXe #日経会社情報 各社の経営方針などを加味し、実際の業務と照らし合わせ、
中長期でどう取り組むかの計画することが大切だと思いました。",0,0,1458414577671356417,iZ9GJ09XgzXOXIE,寺光亮祐,リユースと顧客関係管理のトピックスを中心に各SNSにて発信中,130,34,2021-11-10_21:42:10,False,http://pbs.twimg.com/profile_images/1458414680591179777/I_OVWaWi_normal.png,,https://t.co/SIM9V34b00
1546346222952521729,2022-07-11_13:10:43,"中電の電源はほぼ天然ガスでソーラーはごく僅かでした。

esgからは遠かったね😰😰 https://t.co/GaMd82MC7J",1,0,98576968,ekiriko,7Gのオペレーター@現場はブラックぽい 盆休みは能登かも？,水泳と自転車、キャンプがしゅみ 乗り物VFR400R、VT SPADA改 大型も良いな 大阪市西成の近く→文京区→府中市→愛知県尾張地方,411,232,2009-12-22_16:22:44,False,http://pbs.twimg.com/profile_images/1684667796/11746kiriko_normal.jpg,http://abs.twimg.com/images/themes/theme1/bg.png,
1546346110637092865,2022-07-11_13:10:17,"RT @Sankei_news: 【正論】日本再建に尽くした安倍元首相
評論家・江崎道朗 https://t.co/wnHDOPGk7W

退陣後も、伝統に基づく皇室制度の再建、北朝鮮の拉致問題、憲法改正といった課題に精力的に取り組み、国政を牽引していた。これらの課題解決の動き…",0,367,800914945663565828,toshibo_esg,Toshi としぼー Horii,"""口のきけない人のために、口を開きなさい。すべての不幸な人の訴えのために。 口を開いて、正しくさばき、苦しむ人や貧しい人のためにさばきを行いなさい。"" 箴言31章8～9節 Proverbs 31:8-9
#ProLife #ProFamily #AdoptionNOTabortion #Freedom #日本大好き",1409,80,2016-11-22_13:12:58,False,http://pbs.twimg.com/profile_images/800918333767856128/6BkuK-RY_normal.jpg,,https://t.co/YEhfXGZqQI
1546345570972868611,2022-07-11_13:08:08,デロイト トーマツ、業績連動報酬へのESG要素反映に関する日・英・米比較結果を公開 https://t.co/Xe9pJwuPZ5,0,0,310197074,digitalpr_jp,デジタルPRプラットフォーム,ニュースより早く公式情報をリアルタイムにお届け！　1500以上のリーディングカンパニー・大学が利用するDigital PR Platformからプレスリリース情報を発信しています。,7946,12264,2011-06-03_19:35:38,False,http://pbs.twimg.com/profile_images/756300496554582016/XycaiDuK_normal.png,http://abs.twimg.com/images/themes/theme1/bg.png,http://t.co/v9ZnlRQM4A
1546344633730420738,2022-07-11_13:04:25,@hirox246 投資家や資本家は、デューディリジェンス、RD投資、ESG投資、エンジェル投資、外部性を気にすることもないし、自己顕示欲で国民は馬鹿のプライステイカー総馬鹿。M&amp;Aはヒューマンキャピタルうんこ、特許があってもした… https://t.co/JfLsuPSke1,0,0,1532281699798614017,4B2XFHhJSJG9tfd,衣更学,ご飯と友達(自分が自分でいられる)を下さい。僕の努力でどうにもなりません。,8,0,2022-06-02_17:43:31,False,http://pbs.twimg.com/profile_images/1533416432423186432/rlbIP1RY_normal.jpg,,
1546344392310476801,2022-07-11_13:03:27,ESGがYouTube上げてくれること期待しよ,0,0,997465859617574914,Leeeeomadock,まどっく,人間が使えないスマブラー ブービーな犬使い 旅行とスノボとライブの人 ヘッダーは@suijyakusyaさん,255,186,2018-05-18_22:16:07,False,http://pbs.twimg.com/profile_images/1348100306660298755/5Kol-Hau_normal.jpg,,
1546343645061709824,2022-07-11_13:00:29,"【アメリカ】Symbrosia、シリーズAで約9.5億円調達。ダノン傘下CVC主導。家畜メタン削減飼料
https://t.co/hX00LWaIz3 #ESG #Sustainability #SDGs",3,0,2166373754,SustainableJPN,SustainableJapan,サステナビリティ/ESGニュースサイトSustainable Japan公式。編集長・夫馬賢治@KenjiFuma（環境省、厚労省、農水省の委員）『超入門カーボンニュートラル』https://t.co/0KARQaoWnD『ESG思考』https://t.co/fdP3hhANdc『データでわかる2030年地球のすがた』https://t.co/b3tvTAUK5k,41,5091,2013-10-31_18:56:09,False,http://pbs.twimg.com/profile_images/488587881301024768/ulMuq1n2_normal.png,http://abs.twimg.com/images/themes/theme3/bg.gif,https://t.co/9l1G7ZouxP
1546343522910973953,2022-07-11_13:00:00,"【ESG】ESGは脱炭素から自然へ　企業は新たな要求に備えを（日本経済新聞電子版　7/10配信） #企業危機管理 #ESG #脱炭素 #自然 

https://t.co/Bk3TCw3e7u",0,0,820889796260155392,SP_Network_jp,株式会社エス・ピー・ネットワーク,#企業危機管理 の専門会社、エス・ピー・ネットワークの公式アカウントです。危機管理に関するさまざまな情報をタイムリーにお届けいたします。（※各種の返信・フォローは行いません）,0,255,2017-01-16_16:05:53,False,http://pbs.twimg.com/profile_images/940059737294479360/K3dJ9XAh_normal.jpg,,https://t.co/cFDR8YSqVQ
1546342390868623360,2022-07-11_12:55:30,"ESG投資とは、環境問題(Environment)・社会課題(Social)・企業統治(Governance)を判断材料に反映した投資法です。

ESG投資をすることで、自分の活動範囲を超えてサスティナブル企業を応援でき、また長期… https://t.co/EsYiPS13Uk",1,0,1329637142016917505,awake_and_jp,AWAKE&【公式】,"エシカルライフスタイルを学ぶ実践型オンラインスクール🎓月額3,300円(別途入会金)の動画視聴型サービス💻 #エシカル #SDGs #気候変動 #ソーシャルビジネス #スローライフ #アニマルライツ #ESG投資 #プラントベース #LGBT #エンパシー #食品ロス #経済 #ホリスティックヘルス",1983,507,2020-11-20_13:06:47,False,http://pbs.twimg.com/profile_images/1342890672219688960/5Zix2z-q_normal.jpg,,https://t.co/6lLXJvSnu2
1546341483946467333,2022-07-11_12:51:54,"#ESG は、本当に、フィリピン国民の役に立つのでしょうか?

私の過去の経験では #フィリピン では キレイな言葉が羅列された場合は、真に皆んなのための社会的利得は少なかったとおもえるのです。
特に環境問題分野では。 https://t.co/DBXdVOesyz",1,0,1499194600615194626,Swairl_ninja,Swail_Twirl_Whirl 🇵🇭,This world is a Swairl.,49,21,2022-03-03_10:27:42,False,http://pbs.twimg.com/profile_images/1499201938717491205/zdqSwjwC_normal.jpg,,
1546341247698321408,2022-07-11_12:50:57,"今食べてるランチは世界の誰かが食べれないもの。
その全てに、ほんの少し寄付が入っていたら世界の飢餓を救う事が出来る大きな支援の力になります。私たちの楽しい #ランチ が世界の悲しみを救う社会を創りませんか？協賛頂ける飲食店を募集しています #ESG #SDGs #教育",3,0,1324231296978087936,pay_for_world,Pay for World,私達の楽しみが世界の悲しみを救う事に繋がる🌱そんな社会を作るための活動しています。私達が日常の中で楽しいと思っている物・事・サービスに僅かな寄付が入っていたら世界を救う持続可能な支援の波を作り出せます🌏楽しく生きる事が支援になる社会を作ります。#SDGs #CSR,1366,934,2020-11-05_15:05:30,False,http://pbs.twimg.com/profile_images/1332263460936114177/8F8ZuuPZ_normal.jpg,,https://t.co/ajJt1Siyuj
1546335976666320896,2022-07-11_12:30:01,"『ESG A to Z』
#radiko で配信中(1週間後までお聴きいただけます)
#radionikkei #シェアラジオ 

https://t.co/H4SDYL35nS",0,0,786156540629614592,radionikkei_tf,ラジオNIKKEI タイムフリーInfo,ラジオNIKKEIのタイムフリー関連情報をご案内します。radiko.jpのタイムフリーで番組を聴いて、#シェアラジオ でみんなと共有しましょう！,0,287,2016-10-12_19:48:20,False,http://pbs.twimg.com/profile_images/787998013595660292/ZYgVtkZh_normal.jpg,http://abs.twimg.com/images/themes/theme1/bg.png,https://t.co/KMlq8lHaQ6
1546334797374443521,2022-07-11_12:25:19,"医療レシピで4連求神中…
何が出るかな、何が出るかなっ♪

#jobtribes #DEAPCoin #playmining #PlayAndEarn #ESG https://t.co/R9KX1vKgU0",13,0,797330004149272576,Writer_CanYou,きゃんゆー@LCA Game Guild ブロックチェーンゲームで食っていく,会社員兼Webライター兼ブロックチェーンゲーマー 普段は某IT企業の経営に関する仕事をしていますが、それとは別にWebライターもやってます。 あと、ブロックチェーンゲームのAxieInfinityプレイヤー兼マネージャー、jobtribesプレイヤー、最近STEPNはじめました。GameFiで目指せ、fire！,609,608,2016-11-12_15:47:41,False,http://pbs.twimg.com/profile_images/1537361144108568576/01ZyQxRH_normal.jpg,,
1546334093423558656,2022-07-11_12:22:32,"RT @SustainableJPN: 【日本】花王とカインズ、製品包装材での折りたたみコンテナ実証で協働。包材廃棄・開封作業負担削減
https://t.co/W6UfksB8Xt #ESG #Sustainability #SDGs",0,2,1295697200471633925,SDGsCoLab,SDGs Co:Lab,Global policy and action lab of @weincludedorg for supporting & cultivating next-gen leaders to solve world challenges @forglobalgoals by co-creation!,3,6993,2020-08-18_21:21:13,False,http://pbs.twimg.com/profile_images/1295698183813644289/rmF5EabR_normal.jpg,,
1546333191086243842,2022-07-11_12:18:56,"RT @SustainableJPN: 【日本】花王とカインズ、製品包装材での折りたたみコンテナ実証で協働。包材廃棄・開封作業負担削減
https://t.co/W6UfksB8Xt #ESG #Sustainability #SDGs",0,2,1090150145218424832,weincludedorg,"We, included.","Environment • Society • Economy | Together, we're Reimagining Leadership! Join our #weincluded movement for @theglobalgoals | eMail: hello@weincluded.org",3,5773,2019-01-29_16:30:23,False,http://pbs.twimg.com/profile_images/1311939271427645440/AnDv2GZA_normal.jpg,,https://t.co/obPsymTAhv
1546333049599807489,2022-07-11_12:18:23,"【日本】花王とカインズ、製品包装材での折りたたみコンテナ実証で協働。包材廃棄・開封作業負担削減
https://t.co/W6UfksB8Xt #ESG #Sustainability #SDGs",2,2,2166373754,SustainableJPN,SustainableJapan,サステナビリティ/ESGニュースサイトSustainable Japan公式。編集長・夫馬賢治@KenjiFuma（環境省、厚労省、農水省の委員）『超入門カーボンニュートラル』https://t.co/0KARQaoWnD『ESG思考』https://t.co/fdP3hhANdc『データでわかる2030年地球のすがた』https://t.co/b3tvTAUK5k,41,5091,2013-10-31_18:56:09,False,http://pbs.twimg.com/profile_images/488587881301024768/ulMuq1n2_normal.png,http://abs.twimg.com/images/themes/theme3/bg.gif,https://t.co/9l1G7ZouxP
1546331742851977219,2022-07-11_12:13:11,独自評価!｢SDGs企業ランキング｣トップ500社 ESG＋Hの非財務情報から評価､トップはオムロン | 特集 - 東洋経済オンライン https://t.co/4X9JFwUN3U #東洋経済オンライン @Toyokeizaiより,0,0,153695131,kumagai_777,クマガイ N.K,"本業は小さなデザイン屋＆貸し店舗の大家さんしてます。 
その傍ら日本マーケットのトレーダーもやってる個人投資家です。
スィングがメインですがデイも少しやります。
「勝つことより負けないこと」をモットーに！
呟きの八割は日々のニュース・投資・トレード関連。
アニメ＆映画好きなオヤジです。",1823,2163,2010-06-09_15:15:03,False,http://pbs.twimg.com/profile_images/1375285173521055745/IIGpaTGn_normal.jpg,http://abs.twimg.com/images/themes/theme1/bg.png,https://t.co/BtuRMaSrvl
1546331222569144320,2022-07-11_12:11:07,宝&amp;COの22年5月期、純利益37%増　ESG開示が追い風: 日本経済新聞 https://t.co/xJdx43nBqg,0,0,1509718358224035840,TakaraCompany,TAKARA＆COMPANY【公式】,"「宝印刷」や「サイマル・インターナショナル」を傘下に持つ持株会社です。法定開示書類の作成・印刷から、IR（投資家向け広報）、IPO（新規上場）、通訳、翻訳等を一気通貫でサポート。最新のIR情報やESGコラム、広報IR担当の小話等をツイートします。
【お問い合わせ】https://t.co/xbRZBxuh9Z",30,42,2022-04-01_11:26:08,False,http://pbs.twimg.com/profile_images/1536895357941972992/qJ_LMIOw_normal.jpg,,https://t.co/Ll9N6BB6ye
1546330366201692162,2022-07-11_12:07:43,"RT @zakiocpa: A.
・相手先ブランドでの製品生産を請け負う企業：OEM
・エレクトロニクス製品の生産を請け負う企業：EMS
・相手先ブランドでの製品製造に加えて製品の開発・設計まで行う企業：ODM
アルファベット3文字系は色々あるので気をつけて覚えていきましょう。…",0,1,1231130234449084416,cpaaca_kansai,り,法曹コース(修了)＆TAC会計士1.5s21目標 簿記２級取得💮(88点)強制5→8世代 R3.5月短答式合格💮(72.4%)→論文式🙅‍♂️→22年論文 大学3年,165,154,2020-02-22_17:17:22,False,http://pbs.twimg.com/profile_images/1415935769064079362/-8DTy5p4_normal.jpg,,https://t.co/UbKMPPzxIV
1546329499050328064,2022-07-11_12:04:16,独自集計!こんなに違うSDGs17目標の取り組み度 気候変動の対応率8割超えも､貧困･飢餓支援低迷 | SDGs・ESG - 東洋経済オンライン https://t.co/P55bdnZD2G #東洋経済オンライン via @Toyokeizai,0,0,53514131,KoichiShimomura,SHIMO,I consider the possibility of ICT in the future as a technologist with experience of the manufacturing and aim at the second establishment of a business.,3532,3488,2009-07-04_07:10:27,False,http://pbs.twimg.com/profile_images/412579183/ITAL6040_normal.jpg,http://abs.twimg.com/images/themes/theme1/bg.png,http://t.co/RJb5tQflx4
1546328956000841730,2022-07-11_12:02:07,"【参加者募集！】日本で唯一の森林・林業特化した事業開発プログラム。林業の課題を解決し、森林資源の最大化を目指す。今年度は初となるインキュベーション部門とアクセラレーター部門の2本立て。締め切りは8月14日。

#ESG #脱炭素… https://t.co/dWKEuER85S",0,0,1252761960053006336,SperoCo,Spero,ソーシャルインキュベーター・新規事業伴走支援のSperoの公式twitter/社会命題をテーマにしたインキュベーションプログラム・各種新規事業を支援,2,10,2020-04-22_09:52:00,False,http://pbs.twimg.com/profile_images/1252762181080211456/8sitggyo_normal.jpg,,https://t.co/iP7ouEkbAL
1546328691499737089,2022-07-11_12:01:04,"【参加者募集！】日本で唯一の森林・林業特化した事業開発プログラム。林業の課題を解決し、森林資源の最大化を目指す。今年度は初となるインキュベーション部門とアクセラレーター部門の2本立て。締め切りは8月14日。

#ESG #脱炭素… https://t.co/9AFKSv8CX3",0,0,1161620337970184192,ActionSfa,SUSTAINABLE FOREST ACTION(SFA),"日本唯一の森林・林業特化型アクセラレーター、インキュベーションプログラム。林業の課題解決とカーボンニュートラル2050に向けて、森林資源の最大化を目指す。森林分野の新事業を立ち上げたい参加者を募集。
森林生態学研究室にいる大学院生が森林や林業に関するニュースを発信しています！質問やコメントお待ちしています！",644,594,2019-08-14_21:47:25,False,http://pbs.twimg.com/profile_images/1161621470776135680/lg8PnHv__normal.png,,https://t.co/xXOsgLkta1
1546328425673236480,2022-07-11_12:00:00,"グローバル・コンパクトとは、責任ある創造的なリーダーシップを発揮することで、社会の一員として持続可能な成長を実現する。
#ESG経営 #情報開示 #SDGs 

https://t.co/OUPmVRovOx",0,0,132493891,NikkeiESG,日経ESG,"日経BP社が発行する、持続可能な成長を続けるための経営誌「日経ESG」です
""Nikkei ESG"" is the magazine for sustainable deveropment.
Nikkei Business Publications Inc. (Nikkei BP)
#SDGs #ESG",1548,2156,2010-04-13_20:35:57,False,http://pbs.twimg.com/profile_images/984036291107893249/LNKEdqVr_normal.jpg,http://abs.twimg.com/images/themes/theme1/bg.png,https://t.co/0Y08HnFFhG
1546328423357747203,2022-07-11_12:00:00,"【知っておきたいESG・SDGsワード】
「TNFD」
気候変動の財務リスクの開示を企業に求める国際プロジェクト。
詳しくは以下をチェック！✅
👉https://t.co/qTwWQI228H
#日経SDGs  #日経… https://t.co/dsLmAUP8R0",0,0,1509838597079597058,nikkei_sdgs,日経SDGsフェス公式,"日本経済新聞社、日経BPグループが共同で運営している「日経SDGsフェス」公式アカウントです🌈
#日経SDGsフェス #日経 #nikkei のハッシュタグを付けて、是非あなた自身の取り組みや興味のあるSDGs関連情報をお寄せください✋
持続可能な開発目標＝SDGsの支援を、もっと身近に✨🌏",61,167,2022-04-01_19:22:42,False,http://pbs.twimg.com/profile_images/1509838736422731777/hc3YnxWa_normal.jpg,,https://t.co/v6RUE7HPUy
1546327543837442048,2022-07-11_11:56:30,RT @keyplayers: 悔しい...こんな評価なのか！現在チャットでキャリア相談、年収査定行っています！Web3、SaaS、ESG、年収アップ、起業、フリーランスに向けての作戦会議、無料年収査定、キャリア相談をチャットやオンラインで行っております。「転職後活躍」社会貢献…,0,10,28543412,keyplayers,高野秀敏/ベンチャー転職/エンジェル投資家/キープレイヤーズ,スタートアップ、ベンチャー転職キープレイヤーズ/ https://t.co/32r0dj2kZp 代表|人生とお仕事のお役に立つ情報発信|社外取締役や顧問、投資先55社以上|クラウドワークス、メドレー創業役員株主で上場 5回上場|東北大学→インテリジェンス→起業| 渋谷barオーナー|サウナ|転職 採用M&Aご相談はお気軽DM,5293,47529,2009-04-03_20:27:43,False,http://pbs.twimg.com/profile_images/1188041287204630528/AGnSItAH_normal.jpg,http://abs.twimg.com/images/themes/theme4/bg.gif,https://t.co/r0PczM1Ig8
1546321682012729344,2022-07-11_11:33:12,日本の労働生産性低下の原因と改善策への意識を探る独自調査を実施 https://t.co/2id3OryCx9 #付加価値向上 #労働生産性 #アフターコロナ #ポストコロナ #生産性 #生産性向上 #ステークホルダー #ESG #SDGs,0,0,1012226151844999168,sutekinamiraie,素敵な未来へ,『取材力』を武器に、そのファクトの本質は、何か？核心を伝えるべく、幅広く活動を展開。現在、合計7社の記者・クリエイターとして活動中。執筆記事はスマートニュース・ヤフーニュース・ニフティ・モデルプレス等に絶賛掲載中。最も多く読まれたnote 3週連続認定。最も多く読まれたnote月間賞も受賞。ニュースコーディネーター,202,1260,2018-06-28_15:48:15,False,http://pbs.twimg.com/profile_images/1412981930945957895/Tb3u0jwD_normal.jpg,http://abs.twimg.com/images/themes/theme1/bg.png,https://t.co/djjgGwDhtE
1546320941676122112,2022-07-11_11:30:16,"日本の労働生産性低下の原因と改善策への意識を探る独自調査を実施【日本生産性本部】
#付加価値向上 #労働生産性 #アフターコロナ #ポストコロナ #生産性 #生産性向上 #ステークホルダー #ESG #SDGs
https://t.co/aIsDe8z15W",0,0,274847386,kyodonewsprwire,共同通信PRワイヤー,"共同通信PRワイヤーの公式アカウントです。ニュースのネタ「プレスリリース」を配信しています。新商品やキャンペーンなどの生活に役立つ情報や、ビジネスに関する情報もいち早くチェックできます。海外のプレスリリースの日本語訳も配信中です。
 
#プレスリリース #ニュースリリース #企業 #広報",10060,17560,2011-03-31_13:06:52,False,http://pbs.twimg.com/profile_images/1167353406085664768/ukPk-pym_normal.jpg,http://abs.twimg.com/images/themes/theme1/bg.png,https://t.co/B3qeWBf5AM
1546317086913204225,2022-07-11_11:14:57,ＥＳＧとサステナブル投資の基礎知識－目的や手法、規制をおさらい - Bloomberg https://t.co/XUiQ7wJlma,0,1,1327862748999368704,EsgAngela,Yumi,金融機関勤務/ESG・責任投資に関わる仕事をしています。レポートのネタが浮かぶよう、つぶやきます。,4922,1463,2020-11-15_15:35:36,False,http://pbs.twimg.com/profile_images/1333789288878596100/nK-AAmE0_normal.jpg,,
1546316500491206656,2022-07-11_11:12:37,独自評価!｢SDGs企業ランキング｣トップ500社 ESG＋Hの非財務情報から評価､トップはオムロン 岸本 吉浩 : 東洋経済『CSR企業総覧』編集長 – 東洋経済オンライン 2022/07/11 7:00 https://t.co/8rvuBH3VM6,0,0,853971456,clipenergy,CLIP Energy,エネルギー、経済、安全保障、外交、政治等に関する記事・論考をご紹介します。特にエネルギー関係の仕事をしている方におすすめです。自動投稿につき原則としてコメントは投稿しません。「いいね」はしませんが、賛同するコメントをリツイートさせていただくことがあります。別途、つぶやき用のアカウントを準備中です。,0,678,2012-09-30_11:39:35,False,http://pbs.twimg.com/profile_images/2665588881/9cfcd249244db9cb47236ba78904a219_normal.png,http://abs.twimg.com/images/themes/theme1/bg.png,
1546316222085885953,2022-07-11_11:11:31,"RT @kantai_aomi: 立命館×スタートアップ×ESG　大学経営に革新の種

立命館大学や上智大学などの大学で、社会的問題の解決を目指す企業を支援する「インパクト投資」を加速。
大学側も厳しい経営状況に陥る中で、ESGを意識した価値向上を模索している。
（日経新聞7/…",0,1,1327862748999368704,EsgAngela,Yumi,金融機関勤務/ESG・責任投資に関わる仕事をしています。レポートのネタが浮かぶよう、つぶやきます。,4922,1463,2020-11-15_15:35:36,False,http://pbs.twimg.com/profile_images/1333789288878596100/nK-AAmE0_normal.jpg,,
1546315235610750976,2022-07-11_11:07:35,RT @nikkei_daigaku: ESGの波が大学の経営や教育現場でも広がってきました。学校法人立命館は社会的問題の解決を目指す企業を支援する「インパクト投資」を加速。上智大はりそなアセットマネジメントと連携しESGに関する講義を始めました。「大学×ESG」の潮流は一段と…,0,4,1327862748999368704,EsgAngela,Yumi,金融機関勤務/ESG・責任投資に関わる仕事をしています。レポートのネタが浮かぶよう、つぶやきます。,4922,1463,2020-11-15_15:35:36,False,http://pbs.twimg.com/profile_images/1333789288878596100/nK-AAmE0_normal.jpg,,
1546309052334239744,2022-07-11_10:43:01,"7/8 逆日歩日数 1日

1431 Lib　Work 0.05円
1486 上場インデックスファンド米国債券(H無) 5.00円
1487 上場インデックスファンド米国債券(H有) 5.00円
1492 MAXIS JPX日経中… https://t.co/kREP1Ymyq5",0,0,911063659392073729,gyakuhibu,逆日歩速報,"逆日歩情報をひたすらつぶやきます。 
@karauriNET 空売情報
@gyakuhibu 逆日歩情報",1,6267,2017-09-22_12:04:37,False,http://pbs.twimg.com/profile_images/1037369394450423809/CVoYcnhM_normal.jpg,,https://t.co/hLabl0984t
1546308937573888000,2022-07-11_10:42:34,独自集計!こんなに違うSDGs17目標の取り組み度 気候変動の対応率8割超えも､貧困･飢餓支援低迷 | SDGs・ESG - 東洋経済オンライン https://t.co/8VEGX1TRok #東洋経済オンライン… https://t.co/9bceTyfGBL,3,0,288820893,CSRToyokeizai,CSR東洋経済,東洋経済CSR調査担当です。,60,631,2011-04-27_23:38:39,False,http://pbs.twimg.com/profile_images/1635000779/CSR_eng_4C_normal.png,http://abs.twimg.com/images/themes/theme1/bg.png,http://t.co/LEzGYLzDcx
1546308623324028928,2022-07-11_10:41:19,独自評価!｢SDGs企業ランキング｣トップ500社 ESG＋Hの非財務情報から評価､トップはオムロン | 特集 - 東洋経済オンライン https://t.co/x2wF4W8J8t #東洋経済オンライン @Toyokeizaiよ… https://t.co/UJs1DaEFeN,3,0,288820893,CSRToyokeizai,CSR東洋経済,東洋経済CSR調査担当です。,60,631,2011-04-27_23:38:39,False,http://pbs.twimg.com/profile_images/1635000779/CSR_eng_4C_normal.png,http://abs.twimg.com/images/themes/theme1/bg.png,http://t.co/LEzGYLzDcx
1546306499806642176,2022-07-11_10:32:53,緩やかに広がる“ウッド・チェンジ”：日経ESG https://t.co/WXxYJYecUZ,0,0,1227139992889151489,asakarapan00,アサカラ/昔の林業写真帳,少しだけ森林・林業関係の人（どっかの業界誌に今も連載をしているらしい）。古い林業の写真や資料を集めるのと、歩くのが趣味。昭和の生まれ。「昔」の定義は昭和40年代以前という主観的なものらしい。色々と勉強中。アサカラ・パンタベル。納豆と蕎麦も食べます。ブログとtwitterは2020年2月からの開始です。,42,1296,2020-02-11_17:00:29,False,http://pbs.twimg.com/profile_images/1507350815232577536/__HpMhZR_normal.jpg,,https://t.co/dVFWbwZzzf
1546301611227889664,2022-07-11_10:13:27,独自集計!こんなに違うSDGs17目標の取り組み度 気候変動の対応率8割超えも､貧困･飢餓支援低迷 | SDGs・ESG - 東洋経済オンライン https://t.co/Jgw3ViWCwq #東洋経済オンライン @Toyokeizaiより,6,0,1249902880833687553,refes_jp,リフェス@ファクトリーデザイナー,ニットデザイナー | ニット製造業10年 | 自営業 | サステナブルに興味を持ちファクトリーブランド【Re:fes】立ち上げ準備中。➡️地球を守り、未来を守る 。私達ができるサステナブルファッションへの取り組みを考え、実行していきます。,1204,1123,2020-04-14_12:30:56,False,http://pbs.twimg.com/profile_images/1453575463796838402/R17uN8Mv_normal.jpg,,https://t.co/XRgH5Xzx1r
1546299946902913026,2022-07-11_10:06:50,"SDGs（持続可能な開発目標）を積極的に推進している会社を探すために、企業のSDGsの達成度をESG＋Hの非財務情報を使って可視化しました。
https://t.co/RV8l70VgQt",11,0,55246062,Toyokeizai,東洋経済オンライン,東洋経済オンライン[https://t.co/1KxFup7zp6]の公式アカウント。ビジネス、経済、就職などに役立つ記事・情報を配信しています。質問・意見はこちらへ[https://t.co/xVu8nPcyDb],0,583810,2009-07-09_23:13:22,False,http://pbs.twimg.com/profile_images/1519573117709869058/d3X70Fjp_normal.jpg,http://abs.twimg.com/images/themes/theme1/bg.png,https://t.co/1KxFup7zp6
1546299273934827522,2022-07-11_10:04:10,独自集計!こんなに違うSDGs17目標の取り組み度 気候変動の対応率8割超えも､貧困･飢餓支援低迷 | SDGs・ESG | 東洋経済オンライン https://t.co/L7PfiIDw3U,0,0,108641893,yuria2122,株式情報市場,"国内外の最新経済ニュースや情報を提供。
 DAISUKE～! jp⇒https://t.co/jTOcsOP5d3
HUMAN 24⇒https://t.co/4lJxfyyHJA
#投資情報 #マーケット #経済 #ビジネス #国際 #株式 #投資 #仮想通貨",3454,15010,2010-01-27_01:01:08,False,http://pbs.twimg.com/profile_images/643657244857372672/yMfvs2gC_normal.jpg,http://abs.twimg.com/images/themes/theme8/bg.gif,http://t.co/SiT4FHCfci
1546298429793456128,2022-07-11_10:00:49,独自評価!｢SDGs企業ランキング｣トップ500社 ESG＋Hの非財務情報から評価､トップはオムロン | 特集 - 東洋経済オンライン https://t.co/i1yOiN8gZ3 #東洋経済オンライン @Toyokeizaiより,0,0,1450666123989381125,tamata_tamakin,新猫型,"えっととくにないですが政治NG
目標は推進で後退とかないです",151,30,2021-10-20_12:32:37,False,http://pbs.twimg.com/profile_images/1450667288458268679/lIIMF0kL_normal.jpg,,
1546298319458140162,2022-07-11_10:00:22,"【フランス】ミシュラン、インディテックス等17団体、プラ複合材リサイクルで官民連携団体発足
https://t.co/vfwyboK4TU #ESG #Sustainability #SDGs",0,0,2166373754,SustainableJPN,SustainableJapan,サステナビリティ/ESGニュースサイトSustainable Japan公式。編集長・夫馬賢治@KenjiFuma（環境省、厚労省、農水省の委員）『超入門カーボンニュートラル』https://t.co/0KARQaoWnD『ESG思考』https://t.co/fdP3hhANdc『データでわかる2030年地球のすがた』https://t.co/b3tvTAUK5k,41,5091,2013-10-31_18:56:09,False,http://pbs.twimg.com/profile_images/488587881301024768/ulMuq1n2_normal.png,http://abs.twimg.com/images/themes/theme3/bg.gif,https://t.co/9l1G7ZouxP
1546297813319172097,2022-07-11_09:58:22,"#dポイント投資 【ドル円仲値確定】
新興国：+0.18%⤴️
コミュニケーション：-0.22%⤵️
生活必需品：-0.01%⤵️
ヘルスケア：+0.41%⤴️
米国大型株：+0.22%⤴️
金（ゴールド）：+0.36%⤴️
クリ… https://t.co/BORoP1FoZT",17,0,1277231700582400005,d_point_inv,やな🏝️dポイント投資,dポイント投資のテーマ運用の変動値を計算してツイートしています。朝5:30頃にETF終値で計算した概算値、10:00頃にドル円仲値で計算した確定値をツイートします。2018年10月以来これまでの合計損益は約26万ポイントのプラス。現在は約52万ポイントを運用中。,14,1360,2020-06-28_22:25:52,False,http://pbs.twimg.com/profile_images/1277931881120460800/Tdoj-rVo_normal.png,,https://t.co/QKJql7s0Wo
1546295535094595584,2022-07-11_09:49:19,ESG経営に取り組むメリット https://t.co/B30g3aNksf https://t.co/cWpBmr0MAZ,1,0,2896739418,primal_colors,荒川 明夫 (AKI)│プライマルカラーズ代表│DX推進アドバイザー,#デジタルトランスフォーメーション( #DX )  コンサル ＃マーケティング ＃広報│東京在住パラレルワーカー│経営者│政府機関広報│メンタルケア心理士│エニアグラムタイプ4│起業・副業支援│note毎日更新│✉お気軽にどうぞ😉 ※コメントは、個人の見解です,2001,2745,2014-11-12_01:58:23,False,http://pbs.twimg.com/profile_images/1410844916876406784/cJm7UK7V_normal.jpg,http://abs.twimg.com/images/themes/theme1/bg.png,https://t.co/yJjopw1rwf
1546294990698975233,2022-07-11_09:47:09,"メモ
 https://t.co/C7J27Je10K",0,0,1389604015642615812,Epineph_ESG,Epinephrine,,464,593,2021-05-05_00:33:32,False,http://pbs.twimg.com/profile_images/1389636463092846594/DSLQ3WpF_normal.jpg,,
1546294651912499200,2022-07-11_09:45:48,"社内への発信が中心の最近だったので、久しぶりにnoteに書きました！
Web3とESG（SX）の潮流｜高木良和@ポジティブビジネスハック @yoyoyoTKG6 #note https://t.co/dQyPCZTE2D",0,0,147618482,yoyoyoTKG6,高木 良和,株式会社OPTにてメディア戦略の責任者を行った後、親会社デジタルホールディングスの戦略担当に。生きていく中で培ってきた持論をアウトプットしていきたく、Twitterを活用。仕事もプライベートも楽しくする為、ポジティブで誠実である事と内省を意識。マジックが趣味。大学で心理学学んでました。社会人大学院の至善館でMBO修了。,181,199,2010-05-25_01:12:10,False,http://pbs.twimg.com/profile_images/1045188809900535810/5eVybHS8_normal.jpg,http://abs.twimg.com/images/themes/theme7/bg.gif,
1546292990032785408,2022-07-11_09:39:12,独自集計!こんなに違うSDGs17目標の取り組み度 気候変動の対応率8割超えも､貧困･飢餓支援低迷 | SDGs・ESG - 東洋経済オンライン https://t.co/Np9Un3WCJP #東洋経済オンライン @Toyokeizaiより,0,0,108321637,Mitsunobu3,安藤光展／サステナコンサル,サステナビリティ経営の専門家。サステナビリティ／CSR／SDGs／ESGについて毎日ツイートするのでフォローしてください。近著『創発型責任経営』（日本経済新聞出版）。2009年よりブログ『サステナビリティのその先へ』運営。1981年長野県中野市生まれ。ワイン好きで日本ソムリエ協会・正会員（2016年入会）。,60,3459,2010-01-26_00:32:52,False,http://pbs.twimg.com/profile_images/571466642488455168/djK01VAf_normal.jpeg,http://abs.twimg.com/images/themes/theme16/bg.gif,https://t.co/JkvuTGl71W
1546292853823139840,2022-07-11_09:38:39,"デイトレ速報 : 独自集計!こんなに違うSDGs17目標の取り組み度 気候変動の対応率8割超えも､貧困･飢餓支援低迷 | SDGs・ESG | 東洋経済オンライン
https://t.co/SSSZ2IrIWd",0,0,1054587039734059008,chouruonna,株で兆る女,株で億を稼ぐのではなく兆を目指す,901,1173,2018-10-23_13:15:18,False,http://pbs.twimg.com/profile_images/1054909298755624961/K_o0fxld_normal.jpg,http://abs.twimg.com/images/themes/theme1/bg.png,
1546292781831712768,2022-07-11_09:38:22,"独自評価!｢SDGs企業ランキング｣トップ500社　ESG＋Hの非財務情報から評価､トップはオムロン
https://t.co/5gHQ9uULV1",1,0,900208022764564484,SustainaJapan,サステナ - SUSTAINA® 10th Anniversary,サステナビリティに特化した企業評価サイト SUSTAINA 公式アカウント。サイトの更新情報の他、自社ツール SUSTAINAアラートで自動収集した ESG、SDGs、経営・投資リスクなどに関する最新情報を”厳選”しシェアしています,77,1507,2017-08-23_13:08:12,False,http://pbs.twimg.com/profile_images/961763807142952960/-ZsXxZgo_normal.jpg,http://abs.twimg.com/images/themes/theme1/bg.png,https://t.co/RN9SWccSF0
1546292141995040768,2022-07-11_09:35:50,"【速報】就職・転職情報 | 東洋経済オンライン 

#業界研究 #企業研究 
#時事ニュース #企業ランキング 

独自集計!こんなに違うSDGs17目標の取り組み度 気候変動の対応率8割超えも､貧困･飢餓支援低迷 | SDGs・… https://t.co/0azyEltxIH",0,0,1196780653435478016,ShukatsuJ,就活まとめ情報@相互フォロー,"就活に役立つ情報を呟きます！
TLで気軽に情報収集しましょう！
ぜひ友達や後輩とシェアしてください！
#就活 #就職活動 #企業研究 #業界研究 #企業ランキング #就活ノウハウ #時事問題 #内定 #内々定 #相互フォロー #フォローバック #リフォロー #follow  #followback #refollow",833,744,2019-11-19_22:22:10,False,http://pbs.twimg.com/profile_images/1196824093133131776/3_H0Gewe_normal.jpg,,
1546291695574142976,2022-07-11_09:34:03,独自集計!こんなに違うSDGs17目標の取り組み度 気候変動の対応率8割超えも､貧困･飢餓支援低迷 | SDGs・ESG | 東洋経済オンラインhttps://t.co/aX0p5VFDOU,0,0,76864586,NEWS_0,NEWS,普通のニュースからアイドル、2チャンネルにおける刺激的な話題までいろいろ。ネットの海から今旬な話題を寄せ集めて紹介しています。日本テレビ系列のニュース番組「NEWS ZERO」とは無関係、DMやリプライには回答しません。,82242,73633,2009-09-24_14:26:25,False,http://pbs.twimg.com/profile_images/1812111535/news_logo2_normal.jpg,http://abs.twimg.com/images/themes/theme20/bg.png,
1546291034875109376,2022-07-11_09:31:26,"【SDGs 関連記事紹介：ESGを実践レベルで理解するために必要なひとつのこと(ダイヤモンド・オンライン)】
#Yahooニュース #SDGs  #佐賀SDGs官民連携円卓フォーラム  #佐賀 #ESG経営
https://t.co/bCkRBDZhy7",0,0,1301710542394933248,sagasdgsforum,佐賀SDGs官民連携円卓フォーラム,佐賀SDGs官民連携円卓フォーラムの公式アカウントです。Youtubeチャンネルでの更新やSDGsセミナーなどについてつぶやきます。Youtube登録はこちら→　https://t.co/rASKlPA56r,1560,1201,2020-09-04_11:36:04,False,http://pbs.twimg.com/profile_images/1301710770762260480/FrdyXg0H_normal.jpg,,https://t.co/wDsEEmWa1c
1546289885010874370,2022-07-11_09:26:51,㉔8. サステナビリティへの影響は複雑であり、投資家は微妙なアプローチを必要とする。ESGは、食料安全保障と食料生産への持続可能なアプローチの両方を扱う必要があり、場合によっては、複雑な関係を持つこともあります。現在の背景には、食… https://t.co/uIsnS0TY0z,1,0,1486543079200866313,SinichiroM,Shinichiro Mikazuki,"2012年にタイ・バンコクに移住
現在 チェンマイ在住
米谷明",0,154,2022-01-27_12:35:03,False,http://pbs.twimg.com/profile_images/1486543248868855810/wPgRoN-9_normal.png,,
1546289821894602752,2022-07-11_09:26:36,"CREITは、ESGプログラムをさらに強化することを約束した。第22回アジア優良企業投票で、Most Committed to Environmental Stewardship, Most Committed to High G… https://t.co/v7DaTj2ym1",4,0,1091305142912090113,komeao22,🇯🇵森口精🇵🇭,2007年5月からフィリピン暮らし16年目／マカティ在住▶︎ フィリピンで日本語教師6年／NASDAQ上場米国メディア企業に勤め現在9年目▶︎ フィリピン株／VTI長期積立投資▶︎フィリピンで経済的自由を目指す／FIRE達成まであと3年／YouTube配信 Moriguchi Family Vlogs ↓ ↓ ↓,168,911,2019-02-01_20:59:56,False,http://pbs.twimg.com/profile_images/1387619544999424002/9A5mACIv_normal.jpg,,https://t.co/1UsuqiqdeR
1546289409703972864,2022-07-11_09:24:58,"真面目ニュース速報 : 独自集計!こんなに違うSDGs17目標の取り組み度 気候変動の対応率8割超えも､貧困･飢餓支援低迷 | SDGs・ESG | 東洋経済オンライン
https://t.co/sGnWUovtiw",0,0,1054587039734059008,chouruonna,株で兆る女,株で億を稼ぐのではなく兆を目指す,901,1173,2018-10-23_13:15:18,False,http://pbs.twimg.com/profile_images/1054909298755624961/K_o0fxld_normal.jpg,http://abs.twimg.com/images/themes/theme1/bg.png,
1546287847484841987,2022-07-11_09:18:46,"RT @DXQhrNx4HZiFEAy: ウッドショックや、技術がまだ追い付いていなかったりで「緩やか」だったかもしれませんが、今後この広がりは加速度的に広がっていくとともう！いろんな要因の後押しがありますよね！
#木造ビル #ウッドチェンジ #SDGs

緩やかに広がる“ウッ…",0,1,1090150145218424832,weincludedorg,"We, included.","Environment • Society • Economy | Together, we're Reimagining Leadership! Join our #weincluded movement for @theglobalgoals | eMail: hello@weincluded.org",3,5773,2019-01-29_16:30:23,False,http://pbs.twimg.com/profile_images/1311939271427645440/AnDv2GZA_normal.jpg,,https://t.co/obPsymTAhv
1546286977372520448,2022-07-11_09:15:18,ESG・インパクト投資を取り込む観点で、スタートアップにとっても、“インパクト指標”（事業や活動の結果として生じた社会的・環境的効果）の考え方は有益だと思います。 https://t.co/YnpZfOxJtV,0,0,1147837255748186112,KuramotoSakon,蔵元左近 (Sakon Kuramoto)｜弁護士（日本、米国NY州）,ESG/ビジネスと人権+環境・気候変動、VC/Startup、M&A、コンプライアンス分野。 東京オリパラ調達コード通報受付窓口助言委員。JP-MIRAI専門家会合委員、環境省TJインキュベーター、東京都NEXs Tokyoメンター。「ビジネスと人権対話救済機構」設立。🚩RT、いいねは必ずしも賛同を意味しません。,2155,1421,2019-07-07_20:58:22,False,http://pbs.twimg.com/profile_images/1147840177311641600/WJizGgiB_normal.jpg,http://abs.twimg.com/images/themes/theme1/bg.png,
1546286530028654592,2022-07-11_09:13:32,"ウッドショックや、技術がまだ追い付いていなかったりで「緩やか」だったかもしれませんが、今後この広がりは加速度的に広がっていくとともう！いろんな要因の後押しがありますよね！
#木造ビル #ウッドチェンジ #SDGs

緩やかに広がる… https://t.co/FuqIUXmcl8",0,1,1455420767554846724,DXQhrNx4HZiFEAy,建ハブさん@建築・不動産業界のコミュニティを創るひと,【戸建】【マンション】【賃貸住宅】【木造建築】に特化した展示会を主催。業界の人が集まり絡み合う場所を創っています。そしてコミュニケーションの場としてTwitter始めました！業界にとって本当に意味のある場にするために、情報収集や情報発信中！業界の情報収集やコミュニティ作りに興味ある方は是非フォロー・コメントください！,227,73,2021-11-02_15:25:49,False,http://pbs.twimg.com/profile_images/1455420865768685572/xnzXaFQ6_normal.jpg,,https://t.co/9dka9iavKW
1546285683144159232,2022-07-11_09:10:10,グローバル・コンパクト | 日経ESG https://t.co/2Sva218oQv,0,0,848185058372460544,Jinken_Center,公益財団法人 人権教育啓発推進センター,"#人権教育啓発推進センター の公式アカウントです。
人権センターは、人権に関する国際的・国内的動向を踏まえ、人権教育及び啓発等の総合的ナショナルセンターを目指し、人権教育・啓発活動を行う各種団体への支援・連携を図り、広く国民に対する人権に関する情報提供等の活動を行っています。
#人権ライブラリー も併設。",526,1754,2017-04-01_23:47:31,False,http://pbs.twimg.com/profile_images/848216386279059456/QsvHfx5L_normal.jpg,http://abs.twimg.com/images/themes/theme1/bg.png,https://t.co/9xoNdVtXBG
1546285447906992128,2022-07-11_09:09:14,"今はなぜか貿易再編、特に燃料関係の代替や再エネ転換がうまくいく前提
コストがどうなるかも考慮されていない
ESG規制や禁輸・対露保険禁止など本格的に始まるのはこれから、影響がどのくらいになるか現段階では不明(というよるきちんと試算… https://t.co/QXs74FNqAM",1,0,1082795891776352256,pokkurjp,たぬ子♀,トレードできないたぬきはただのたぬきだʕ•ᴥ•ʔ ツイートは覚え書き・自戒・アウトプット・ただの思考ダダ漏れです＼(^o^)／誤字脱字多いです,1058,2753,2019-01-09_09:27:12,False,http://pbs.twimg.com/profile_images/1530162939780808704/u1mZ7Jeq_normal.jpg,,
1546284602439995392,2022-07-11_09:05:52,"RT @SustainableJPN: 【国際】日本消費者の環境意識、10カ国中最低。ボストンコンサルティンググループ調査
https://t.co/y1mMOz6nt3 #ESG #Sustainability #SDGs",0,1,2188488030,CorradoTopi,Corrado Topi,System scientist. Economics and finance for sustainable climate smart policy- and decision-making. Active since 2020. View my own.,566,1612,2013-11-11_23:34:08,False,http://pbs.twimg.com/profile_images/1050765056437309441/NNv1btZ-_normal.jpg,http://abs.twimg.com/images/themes/theme1/bg.png,https://t.co/P05aylObgD
1546284540930543618,2022-07-11_09:05:37,"【国際】日本消費者の環境意識、10カ国中最低。ボストンコンサルティンググループ調査
https://t.co/y1mMOz6nt3 #ESG #Sustainability #SDGs",1,1,2166373754,SustainableJPN,SustainableJapan,サステナビリティ/ESGニュースサイトSustainable Japan公式。編集長・夫馬賢治@KenjiFuma（環境省、厚労省、農水省の委員）『超入門カーボンニュートラル』https://t.co/0KARQaoWnD『ESG思考』https://t.co/fdP3hhANdc『データでわかる2030年地球のすがた』https://t.co/b3tvTAUK5k,41,5091,2013-10-31_18:56:09,False,http://pbs.twimg.com/profile_images/488587881301024768/ulMuq1n2_normal.png,http://abs.twimg.com/images/themes/theme3/bg.gif,https://t.co/9l1G7ZouxP
1546284455689879552,2022-07-11_09:05:17,SHEINが低価格を実現できてる理由についてのESGグローバルヘッドのインタビューを読んだら、生産方式がMVPキャンバスの実践だった,7,0,5574252,grannycloset,grannycloset,ちくわがすき。,1097,2000,2007-04-28_12:06:30,False,http://pbs.twimg.com/profile_images/730788654281428992/r5AP1thQ_normal.jpg,http://abs.twimg.com/images/themes/theme1/bg.png,https://t.co/NTHUQPlqOo
1546283746919591936,2022-07-11_09:02:28,"柱や梁などの構造材に木材を使った高層ビルの建設が相次ぐ。輸入木材の価格高騰や円安も、国産材の資源循環を後押ししそうだ。
#気候変動 #生物多様性 #SDGs 

https://t.co/VEckZ2yQxm",2,0,132493891,NikkeiESG,日経ESG,"日経BP社が発行する、持続可能な成長を続けるための経営誌「日経ESG」です
""Nikkei ESG"" is the magazine for sustainable deveropment.
Nikkei Business Publications Inc. (Nikkei BP)
#SDGs #ESG",1548,2156,2010-04-13_20:35:57,False,http://pbs.twimg.com/profile_images/984036291107893249/LNKEdqVr_normal.jpg,http://abs.twimg.com/images/themes/theme1/bg.png,https://t.co/0Y08HnFFhG
1546283459332960256,2022-07-11_09:01:19,"📖新着本📖

💫ESGカオスを超えて 新たな資本市場構築への道標

🔹北川哲雄／編著
🔹2022.5出版
🔹所蔵：1冊
🔹予約：1件🌟
https://t.co/NP0Yb1RFzr
詳細🔽 
https://t.co/JNT7ZwIEF0",0,0,809310584130764800,libchk_koto,新着ﾁｪｯｶｰ📚江東区立図書館,江東区立図書館の新着所蔵図書をお知らせします。(非公式),199,102,2016-12-15_17:14:14,False,http://pbs.twimg.com/profile_images/1456606573154140160/BMDQ-b3H_normal.jpg,,
1546283347709612032,2022-07-11_09:00:53,"【2503】キリンHD 2,223円
【2849】GX高ESG 3,175円
【2854】GXテック20 1,051円
【2918】わらべや 2,209円
【3635】コーエーテクモ 4,700円
【3673】ブロドリーフ 460円
（新高値 07/11 09:00）",0,0,2957858514,NewHigh_bot,新高値bot,年初来高値を更新した銘柄（東証）をツイートします。,5,70939,2015-01-04_11:58:15,False,http://pbs.twimg.com/profile_images/630829072474509312/LgN7Ikc9_normal.png,http://abs.twimg.com/images/themes/theme1/bg.png,https://t.co/XtWoSlZjY5
1546283129018654720,2022-07-11_09:00:01,"#脱炭素化 に向けた不動産分野におけるESG-TCFD対応と取組むべきアクション
【JPIセミナー 7月12日(火)開催】 https://t.co/n8SBmMuuLI",0,0,1008983589227134976,Japan_Planning,JPI 日本計画研究所,"JPI 日本計画研究所の公式アカウントです。
JPIは、政・官・民を繋ぐ霞ヶ関・永田町発最新情報をお届けしています。
斯界の実力講師陣を招聘し、リアルなプレミアムセミナーを開催しております。
新着情報をご希望の方は、メールマガジンをご登録ください。
https://t.co/Np1I7HN8z3",572,202,2018-06-19_17:03:28,False,http://pbs.twimg.com/profile_images/1009304409401012225/Cybu88Wf_normal.jpg,http://abs.twimg.com/images/themes/theme1/bg.png,https://t.co/QAO6UdtyXb
1546279597003534337,2022-07-11_08:45:59,【7月11日】サッポロホールディングス、ESG(環境、社会、ガバナンス)に優れた約300銘柄が毎年選定される｢SOMPOサステナビリティ･インデックス｣構成銘柄に11年連続で選定　｢環境保全｣の課題に関して、プラスチック問題への対… https://t.co/k91OEJaYOI,0,0,198390604,gaisyokubiz,外食ドットビズ,"外食産業の活性化を支援するサイト『外食.biz 』です。
サイトをチェックするだけで、ニュースやビジネス情報など、最新かつ質の高い情報を効率よく入手できるように充実を図っております。ぜひご活用ください。ツイッターでは、外食業界の【今日の出来事】を簡潔にお届けしています。",1,2213,2010-10-04_13:49:47,False,http://pbs.twimg.com/profile_images/1215102056/img_logo_normal.jpg,http://abs.twimg.com/images/themes/theme1/bg.png,http://t.co/3arthg2hO7
1546279195009241089,2022-07-11_08:44:23,RT @dpoann: スリランカの経済破綻と国民の半分を貧困に追い込んだ直接的な理由は不適切なESG政策であった。,0,3,864557221,busokuten,まに,世の中を憂しとやさしと思へども飛び立ちかねつ鳥にしあらねば,1554,1183,2012-10-06_20:38:24,False,http://pbs.twimg.com/profile_images/813339687225917441/bkE_njRR_normal.jpg,http://abs.twimg.com/images/themes/theme19/bg.gif,
1546278555428225025,2022-07-11_08:41:50,"今朝食べた朝ごはんは世界の誰かが食べれないもの。
その全てに、ほんの少し寄付が入っていたら世界の飢餓を救う事が出来る大きな支援の力になります。私たちの楽しい #朝ごはん が世界の悲しみを救う社会を創りませんか？協賛頂ける飲食店を募集しています #ESG #SDGs #教育",0,0,1324231296978087936,pay_for_world,Pay for World,私達の楽しみが世界の悲しみを救う事に繋がる🌱そんな社会を作るための活動しています。私達が日常の中で楽しいと思っている物・事・サービスに僅かな寄付が入っていたら世界を救う持続可能な支援の波を作り出せます🌏楽しく生きる事が支援になる社会を作ります。#SDGs #CSR,1366,934,2020-11-05_15:05:30,False,http://pbs.twimg.com/profile_images/1332263460936114177/8F8ZuuPZ_normal.jpg,,https://t.co/ajJt1Siyuj
1546276959671291904,2022-07-11_08:35:30,"マニュの件

https://t.co/aBsPfVcrMD",1,2,1389604015642615812,Epineph_ESG,Epinephrine,,464,593,2021-05-05_00:33:32,False,http://pbs.twimg.com/profile_images/1389636463092846594/DSLQ3WpF_normal.jpg,,
1546276950045790208,2022-07-11_08:35:27,"緩やかに広がる“ウッド・チェンジ”
https://t.co/9OMZRQDzCS",0,0,111736796,kabutomusea,株メモ™,気になる記事を自分用に呟いてます。,424,240,2010-02-06_09:20:35,False,http://pbs.twimg.com/profile_images/1546064014249439232/dBHLmsPL_normal.jpg,http://abs.twimg.com/images/themes/theme1/bg.png,
1546276129866412032,2022-07-11_08:32:12,"地球温暖化防止活動のモリンガ植林プロジェクトの7/9農園の様子です。
まとまった雨があり、雑草に負けず元気に育っています！
#sdge #ESG https://t.co/nye2b05iPD",0,0,1493460642720022528,TakanoriNishij1,共育分科会/TOMOIKU,共育分科会の目標：「世界の多様な人々と小さく早くアクションを起こすことで、創造の種を生み出し、大阪・関西万博までに ”花” を咲かせる」,57,24,2022-02-15_14:42:34,False,http://pbs.twimg.com/profile_images/1493461201548083201/NyKuYXnX_normal.jpg,,
1546272376895193088,2022-07-11_08:17:17,"直接的なネーミングとしては「補完野党」とかですかね。既存の野党がテーマにしてこなかったマイノリティ問題を票田化して掠め取った形なので。

れいわ:障がい者、貧困支援
NHK党:大企業批判
参政党:欧米を含めた外国批判、アンチESG… https://t.co/39iijfz5z7",3,1,1027191026966966273,big_lawfirm,中卒企業法務系弁護士@ガーシーch,自称弁護士。ポエマーを目指しています。コードで法律を表現します。不動産・金融・ベンチャー・株・キャリア。質問箱ーhttps://t.co/FMxq6J2NyK,3636,5355,2018-08-08_22:53:19,False,http://pbs.twimg.com/profile_images/1537541987502538760/7e0FLthY_normal.jpg,,
1546270828253573120,2022-07-11_08:11:08,これからのビジネスや経営にかかせない？ESG・ESG投資ってなに？ – フリーリッチトリガー https://t.co/AE8K30LhlU,1,0,1493338148801159168,freerichtrigger,FreeRichTrigger（フリーリッチトリガー）,フリーリッチトリガー公式ツイッターです。「Free（自由）」と「Rich（経済的な豊かさ）」を掴む「Trigger（引き金・きっかけ）」になって欲しいという想いからできたメディアです。各ライターが副業や投資にチャレンジしています。初心者の方にとって役立つ情報をお届けします。詳しくはブログをご覧下さい。,1,13,2022-02-15_06:35:43,False,http://pbs.twimg.com/profile_images/1493339493977317377/DMSleMLX_normal.jpg,,https://t.co/yUketUC4kP
1546270578641776640,2022-07-11_08:10:08,ESGは脱炭素から自然へ　企業は新たな要求に備えを：日本経済新聞 https://t.co/qFJfjzgQDj,1,0,1156156455113768960,kou81308191,yayo,兼業、株アカ。アニメ好き。#yy_memo_**** #yy_memo_年間上昇率 #yy_memo_market,1100,543,2019-07-30_19:55:54,False,http://pbs.twimg.com/profile_images/1543904605972873216/wN1LaQqe_normal.jpg,,
1546270542180732928,2022-07-11_08:10:00,"社会貢献の投資　物価高で新たな支援必要に　英社CEO

""投資が増えた理由は機関投資家や篤志家が『社会的インパクト投資』が信頼でき、一定のリターンをもたらすと認め始めた点だ。もう一つの理由はESG重視のように、社会的責任を強く認識… https://t.co/3iqcUz6bgw",1,0,900208022764564484,SustainaJapan,サステナ - SUSTAINA® 10th Anniversary,サステナビリティに特化した企業評価サイト SUSTAINA 公式アカウント。サイトの更新情報の他、自社ツール SUSTAINAアラートで自動収集した ESG、SDGs、経営・投資リスクなどに関する最新情報を”厳選”しシェアしています,77,1507,2017-08-23_13:08:12,False,http://pbs.twimg.com/profile_images/961763807142952960/-ZsXxZgo_normal.jpg,http://abs.twimg.com/images/themes/theme1/bg.png,https://t.co/RN9SWccSF0
1546269614685818880,2022-07-11_08:06:19,"RT @CocaColaJP_Sus: 2022年度版 #ESG レポートを公開しました。
環境や社会問題といったコカ･コーラの取り組みや考え方をご確認いただけます。是非、ご覧ください。

★日本語PDF
https://t.co/eY56Mhk1qa

★英語PDF　For…",0,61,1893627084,Maou_Samasama,まおう,社会人♀好き アニメ ゲーム ニコニコ ツイッター 2ch FGO ラブライブ アイマス ようつべ ラノベ 漫画 スクフェス 政経 モンスト 艦これ デレステなどです あと相互フォロー希望です よろしくお願いします(*'ω'*),19204,19390,2013-09-22_21:56:04,False,http://pbs.twimg.com/profile_images/1504840629817278467/vCcxjVE9_normal.jpg,http://abs.twimg.com/images/themes/theme1/bg.png,
1546269188846948352,2022-07-11_08:04:37,"引用：報告書にはユーザー企業が起点となる悪行も記載されているが〜システム開発などを悪行三昧の連中に発注するのは、ESGのS（社会）の観点から見て大いに問題
公取委が目を付けた日本の恥部、人月商売のIT業界の悪行は元から絶つべし |… https://t.co/yzUppwHGZm",0,0,913991862,ak47ssg69_job,FJP-Communication,"20130201：establish
20130401：business",142,58,2012-10-30_15:06:58,False,http://pbs.twimg.com/profile_images/627002371038511104/IEdmZUfy_normal.jpg,http://abs.twimg.com/images/themes/theme3/bg.gif,http://t.co/8WLRllR8MI
1546268222030241792,2022-07-11_08:00:47,無知って恐ろしいわ,0,0,938183578336206848,esg_9137,ゆうき,,283,53,2017-12-06_08:09:30,False,http://pbs.twimg.com/profile_images/1233541198947573760/9OzAmIj3_normal.jpg,,
1546267433853263873,2022-07-11_07:57:39,ESGから「E（気候変動）・N（自然）・H（人材）・G（統治）」みたいな議論があるのか。まぁ「S（社会）」って範囲広すぎだしわかる気がする。,2,0,108321637,Mitsunobu3,安藤光展／サステナコンサル,サステナビリティ経営の専門家。サステナビリティ／CSR／SDGs／ESGについて毎日ツイートするのでフォローしてください。近著『創発型責任経営』（日本経済新聞出版）。2009年よりブログ『サステナビリティのその先へ』運営。1981年長野県中野市生まれ。ワイン好きで日本ソムリエ協会・正会員（2016年入会）。,60,3459,2010-01-26_00:32:52,False,http://pbs.twimg.com/profile_images/571466642488455168/djK01VAf_normal.jpeg,http://abs.twimg.com/images/themes/theme16/bg.gif,https://t.co/JkvuTGl71W
1546267371437842432,2022-07-11_07:57:24,"RT @CocaColaJP_Sus: 2022年度版 #ESG レポートを公開しました。
環境や社会問題といったコカ･コーラの取り組みや考え方をご確認いただけます。是非、ご覧ください。

★日本語PDF
https://t.co/eY56Mhk1qa

★英語PDF　For…",0,61,2270981479,TukutukuChan1,つくつく,フォロバ１００％でやりこなす都心でOLやってる女子です！アニメ&ゲームの話題は大好きなんで、どなたでもフォロー&リプライ宜しくです！,14053,14030,2014-01-01_09:27:10,False,http://pbs.twimg.com/profile_images/1518328362480988160/Za0eCcYK_normal.jpg,http://abs.twimg.com/images/themes/theme1/bg.png,
1546267364354052096,2022-07-11_07:57:22,"#ESG経営 · #ガバナンス · シェア · シェア. ｢Creating Shared Value＝共有価値の創造」の略で、社会課 ...
リンク：https://t.co/0VjJmmEbMO
タ　グ：#経営",1,0,876794243443859456,yoshiki7111,Tweets,,3,13343,2017-06-19_22:30:12,False,http://pbs.twimg.com/profile_images/1129115766450614273/qs2TzHm1_normal.png,,
1546265275276099584,2022-07-11_07:49:04,"RT @SustainaJapan: ESGは脱炭素から自然へ　企業は新たな要求に備えを

""海外の株式市場で新しいESG（環境・社会・企業統治）テーマが浮上している。森林保護や動物愛護といった自然や生物のサステナビリティー（持続可能性）に関する要求だ""
https://t.c…",0,1,114145973,takumajima,antelk,"Artist. iridium77 CDO. Art of After Anthropocene. ESG*SDGs. A seed for the next. MOT. AMMA. “If you’re not part of the solution, you’re part of the problem.”",189,205,2010-02-14_17:55:56,False,http://pbs.twimg.com/profile_images/1280427718702583810/LDUyIkqy_normal.jpg,http://abs.twimg.com/images/themes/theme7/bg.gif,https://t.co/Nmcyy0PZom
1546262992471425027,2022-07-11_07:40:00,"ESGは脱炭素から自然へ　企業は新たな要求に備えを

""海外の株式市場で新しいESG（環境・社会・企業統治）テーマが浮上している。森林保護や動物愛護といった自然や生物のサステナビリティー（持続可能性）に関する要求だ""
https://t.co/uSJHK4hV9T",2,1,900208022764564484,SustainaJapan,サステナ - SUSTAINA® 10th Anniversary,サステナビリティに特化した企業評価サイト SUSTAINA 公式アカウント。サイトの更新情報の他、自社ツール SUSTAINAアラートで自動収集した ESG、SDGs、経営・投資リスクなどに関する最新情報を”厳選”しシェアしています,77,1507,2017-08-23_13:08:12,False,http://pbs.twimg.com/profile_images/961763807142952960/-ZsXxZgo_normal.jpg,http://abs.twimg.com/images/themes/theme1/bg.png,https://t.co/RN9SWccSF0
1546262746232025088,2022-07-11_07:39:01,"RT @K_Take_CPA: 先月発売された本。今のESGを「カオス」と表現してその先に何があるかを探る内容でとても良かった

松田先生をはじめ執筆陣が豪華。 https://t.co/zYEvRo6RmI",0,6,1266596595530821633,temp__jp,temp,,68,7,2020-05-30_14:05:58,False,http://pbs.twimg.com/profile_images/1266911828203892736/xpCL4hlC_normal.png,,
1546261666660499456,2022-07-11_07:34:44,RT @dpoann: スリランカの経済破綻と国民の半分を貧困に追い込んだ直接的な理由は不適切なESG政策であった。,0,3,3229855849,nadaynada3,人の命は一つ。死んで骨になったら只のカルシウム,2021/10/14 なだいなだボットの間隔を2時間ごとに変更します。出典は、私が探したものと、本の猪様、Amazonレビュー、Twitterから各人に感謝。ま、「暴言」もあります。ご興味ある方は。あなたのことで、あなたのことではないです。 引き続き、無恥ながら日本国憲法、平和、自由、民主主義についても、つぶやきます。,256,462,2015-05-29_23:01:49,False,http://pbs.twimg.com/profile_images/1287422143710375936/F-gJbMmw_normal.jpg,http://abs.twimg.com/images/themes/theme1/bg.png,
1546261387496026112,2022-07-11_07:33:37,RT @dpoann: スリランカの経済破綻と国民の半分を貧困に追い込んだ直接的な理由は不適切なESG政策であった。,0,3,2841213842,wild_animal_tnk,タヌキン🥇投票ぐらい行けよ☆,"選挙で与党、維新が躍進したら、さらに禁酒！！今年はもう酒飲まないぞ！
コーレーグースも禁止（7/1）⇛いや、調味料！

おぼろげながら浮かんできたんです【タヌキ】という字が。シルエットが浮かんできたんです。　　
飲む、鬱、タヌ🍃！✨日本を看取る会野山支部担当",482,546,2014-10-05_20:28:55,False,http://pbs.twimg.com/profile_images/1386663953468588032/z7xrVOzK_normal.jpg,http://abs.twimg.com/images/themes/theme1/bg.png,
1546260986050490368,2022-07-11_07:32:01,金融庁が怪しいESG投信を斬る https://t.co/CgjCFWjoif,2,0,2829002851,yumemititi,夢見父,投資ブログと映画ブログをやっているFireパパです。インデックスメインですがアクティブ、個別とビットコインもちょっとだけ。FP２級。娘のためにがんばるぞ,978,1396,2014-09-24_09:09:39,False,http://pbs.twimg.com/profile_images/514570958972006401/phxYvuLd_normal.jpeg,http://abs.twimg.com/images/themes/theme1/bg.png,https://t.co/aSj5nV7RN5
1546260757268299776,2022-07-11_07:31:07,スリランカの経済破綻と国民の半分を貧困に追い込んだ直接的な理由は不適切なESG政策であった。 https://t.co/Ma3DojFaLO,0,3,1520789214371418114,dpoann,Dpoann,,139,83,2022-05-02_00:37:53,False,http://pbs.twimg.com/profile_images/1526764237871529984/k9zklFZF_normal.jpg,,
1546260477403140098,2022-07-11_07:30:00,"世界全体の流れとして、ESG投資の流れが強く、経営方針にESGが組み込まれていないと、淘汰されていく企業が出てくるでしょう。
日本と欧米諸国ではESGへの意識の差は大きく、米国では2019年9月20日に多くの公立学校が休校となり、… https://t.co/WlJK21v3So",0,0,1432927112592195584,windstille_cal,windstille@ITリテラシー_金融リテラシーを高める,"宿泊業界🏨＞インフラエンジニア未経験入社💻（2021/01）
ITリテラシー、金融リテラシーを向上させるため勉強中。✍
IT・金融・経済知識の記事を紹介していきます。
まずは継続！",8,5,2021-09-01_13:44:10,False,http://pbs.twimg.com/profile_images/1432936330657337344/bas3YSkd_normal.jpg,,
